{
  "random_forest": {
    "returns": 0.044435890990280016,
    "log_returns": 0.04723643118763586,
    "volume_ratio": 0.03423661359814728,
    "rsi": 0.13920130472642758,
    "oscillator_score": 0.10930987899261933,
    "pa_signal": 0.0010854018126245407,
    "pa_strength": 0.0005081811811944356,
    "pa_confidence": 0.0,
    "spread": 0.04779423768870592,
    "price_position": 0.03592935783740371,
    "volatility_20": 0.08499207005600647,
    "volatility_ratio": 0.09476412585019146,
    "sma_20": 0.09187043614799702,
    "sma_50": 0.11136462090500475,
    "trend_strength": 0.15727144902576168
  },
  "gradient_boost": {
    "returns": 0.017381051104119437,
    "log_returns": 0.01956590937717197,
    "volume_ratio": 0.02858273133773812,
    "rsi": 0.15036168484560616,
    "oscillator_score": 0.04975520094126895,
    "pa_signal": 4.0182074155099395e-07,
    "pa_strength": 1.0434919139378232e-05,
    "pa_confidence": 0.0,
    "spread": 0.036588002454458556,
    "price_position": 0.03454215305413195,
    "volatility_20": 0.0934783047642678,
    "volatility_ratio": 0.11520403820481151,
    "sma_20": 0.13097319506682853,
    "sma_50": 0.13716822222903818,
    "trend_strength": 0.18638866988067787
  }
}