{
  "random_forest": {
    "returns": 0.03452511232802786,
    "log_returns": 0.03513446763989931,
    "volume_ratio": 0.02674835447535246,
    "rsi": 0.12896036773891395,
    "oscillator_score": 0.07524442340883387,
    "pa_signal": 0.0002614885083636381,
    "pa_strength": 0.0004431821132564542,
    "pa_confidence": 0.0,
    "spread": 0.03699601437723956,
    "price_position": 0.03240345708995162,
    "volatility_20": 0.07234777895318883,
    "volatility_ratio": 0.0899660589666239,
    "sma_20": 0.08332088155414065,
    "sma_50": 0.10507828836047645,
    "trend_strength": 0.1382240071030081,
    "momentum_5": 0.06261328168442075,
    "momentum_10": 0.07773283569830265
  },
  "gradient_boost": {
    "returns": 0.024004113475695567,
    "log_returns": 0.01660692869823631,
    "volume_ratio": 0.0315882304433472,
    "rsi": 0.18344575839848287,
    "oscillator_score": 0.0380146659239185,
    "pa_signal": 0.0,
    "pa_strength": 3.846835566026808e-09,
    "pa_confidence": 0.0,
    "spread": 0.03659786303678324,
    "price_position": 0.020989424231909456,
    "volatility_20": 0.07498619250811338,
    "volatility_ratio": 0.12456578392623964,
    "sma_20": 0.1165176411187724,
    "sma_50": 0.13329100092799234,
    "trend_strength": 0.11784353174715081,
    "momentum_5": 0.040159607393816306,
    "momentum_10": 0.04138925432270658
  }
}