{
  "training_date": "2025-07-19T20:07:35.533768",
  "model_performance": {
    "random_forest": {
      "train_metrics": {
        "accuracy": 0.9144345238095238,
        "precision": 0.9361702127659575,
        "recall": 0.6875,
        "f1": 0.7927927927927928
      },
      "validation_metrics": {
        "accuracy": 0.7850953206239168,
        "precision": 0.4,
        "recall": 0.016260162601626018,
        "f1": 0.03125
      }
    },
    "gradient_boost": {
      "train_metrics": {
        "accuracy": 0.9947916666666666,
        "precision": 1.0,
        "recall": 0.978125,
        "f1": 0.9889415481832543
      },
      "validation_metrics": {
        "accuracy": 0.7989601386481803,
        "precision": 0.8888888888888888,
        "recall": 0.06504065040650407,
        "f1": 0.12121212121212122
      }
    }
  },
  "ml_ensemble_performance": {
    "rsi_lstm": {
      "error": "'NoneType' object is not iterable"
    },
    "pattern_cnn": {
      "error": "'NoneType' object is not iterable"
    },
    "adaptive_thresholds": {
      "error": "No module named 'ml'"
    },
    "indicator_ensemble": {
      "error": "No module named 'ml'"
    },
    "price_action_validator": {
      "error": "No module named 'ml'"
    },
    "ml_price_action_system": {
      "error": "No module named 'ml'"
    },
    "confirmation_validation_system": {
      "error": "No module named 'ml'"
    }
  },
  "feature_importance": {
    "random_forest": {
      "returns": 0.03452511232802786,
      "log_returns": 0.03513446763989931,
      "volume_ratio": 0.02674835447535246,
      "rsi": 0.12896036773891395,
      "oscillator_score": 0.07524442340883387,
      "pa_signal": 0.0002614885083636381,
      "pa_strength": 0.0004431821132564542,
      "pa_confidence": 0.0,
      "spread": 0.03699601437723956,
      "price_position": 0.03240345708995162,
      "volatility_20": 0.07234777895318883,
      "volatility_ratio": 0.0899660589666239,
      "sma_20": 0.08332088155414065,
      "sma_50": 0.10507828836047645,
      "trend_strength": 0.1382240071030081,
      "momentum_5": 0.06261328168442075,
      "momentum_10": 0.07773283569830265
    },
    "gradient_boost": {
      "returns": 0.024004113475695567,
      "log_returns": 0.01660692869823631,
      "volume_ratio": 0.0315882304433472,
      "rsi": 0.18344575839848287,
      "oscillator_score": 0.0380146659239185,
      "pa_signal": 0.0,
      "pa_strength": 3.846835566026808e-09,
      "pa_confidence": 0.0,
      "spread": 0.03659786303678324,
      "price_position": 0.020989424231909456,
      "volatility_20": 0.07498619250811338,
      "volatility_ratio": 0.12456578392623964,
      "sma_20": 0.1165176411187724,
      "sma_50": 0.13329100092799234,
      "trend_strength": 0.11784353174715081,
      "momentum_5": 0.040159607393816306,
      "momentum_10": 0.04138925432270658
    }
  },
  "backtest_results": {
    "train": {
      "total_trades": 1,
      "winning_trades": 1,
      "losing_trades": 0,
      "win_rate": 1.0,
      "total_pnl": 42.87882387920007,
      "total_return": 0.0004287882387920399,
      "avg_win": 0.021439411939600035,
      "avg_loss": 0,
      "max_drawdown": 0.0,
      "sharpe_ratio": 0
    },
    "test": {}
  },
  "ml_ensemble_summary": {
    "models_trained": [],
    "average_accuracy": 0,
    "ensemble_initialized": false
  }
}